{
  "threshold": 0.00020615699759218842,
  "mean_error": 0.0001441601343685761,
  "std_error": 3.0998431611806154e-05
}